Company Name,Symbol,Short % of Float,Price,Market Cap,Exchange,Sector,Industry,Record Date
Allogene Therapeutics Inc,ALLO,41.77,7.99,1130904600.0,NAS,Healthcare,Biotechnology,2023-01-11
Sunnova Energy International Inc,NOVA,23.58,18.64,2087120800.0,NY,Technology,Solar,2023-01-11
Petmed Express Inc,PETS,20.07,20.71,419791700.0,NAS,Healthcare,Pharmaceutical Retailers,2023-01-11
Childrens Place Inc (the,PLCE,20.59,40.53,594575100.0,NAS,Consumer Cyclical,Apparel Retail,2023-01-11
PMV Pharmaceuticals Inc. - Common Stock,PMVP,30.57,8.24,371047200.0,NAS,Healthcare,Biotechnology,2023-01-11
QuantumScape Corporation Class A Common Stock,QS,26.59,7.89,2048559600.0,NY,Consumer Cyclical,Auto Parts,2023-01-11
Reata Pharmaceuticals Inc - Class A,RETA,28.84,41.61,1305305700.0,NAS,Healthcare,Biotechnology,2023-01-11
Rocket Companies Inc. Class A Common Stock,RKT,33.81,8.98,1225500600.0,NY,Financial Services,Mortgage Finance,2023-01-11
Root Inc. - common stock,ROOT,21.17,5.26,457041400.0,NAS,Financial Services,Insurance - Property & Casualty,2023-01-11
Sonic Automotive Inc,SAH,30.26,49.6,1466672000.0,NY,Consumer Cyclical,Auto & Truck Dealerships,2023-01-11
Cassava Sciences Inc,SAVA,22.13,27.49,1099874900.0,NAS,Healthcare,Biotechnology,2023-01-11
Silverbow Resorces Inc,SBOW,24.43,26.54,322195600.0,NY,Energy,Oil & Gas E&P,2023-01-11
Sirius XM Holdings Inc,SIRI,25.19,5.91,24171900000.0,NAS,Communication Services,Broadcasting,2023-01-11
Virgin Galactic Holdings Inc,SPCE,23.37,5.36,1290205600.0,NY,Industrials,Aerospace & Defense,2023-01-11
Seritage Growth Properties Class A,SRG,22.14,11.95,510982000.0,NY,Real Estate,REIT - Retail,2023-01-11
Springworks Therapeutics Inc,SWTX,25.58,30.22,1482593200.0,NAS,Healthcare,Biotechnology,2023-01-11
Target Hospitality Corp,TH,23.74,17.35,1756514000.0,NAS,Energy,Oil & Gas Equipment & Services,2023-01-11
Trupanion Inc,TRUP,20.58,54.27,2142036900.0,NAS,Financial Services,Insurance - Specialty,2023-01-11
Amerco,UHAL,22.68,66.31,1300339100.0,NAS,Industrials,Rental & Leasing Services,2023-01-11
Upstart Holdings Inc. - Common stock,UPST,39.14,18.14,1394966000.0,NAS,Financial Services,Credit Services,2023-01-11
UWM Holdings Corporation Class A Common Stock,UWMC,27.25,4.43,456777300.0,NY,Financial Services,Mortgage Finance,2023-01-11
Veru Inc,VERU,22.47,6.11,478779600.0,NAS,Healthcare,Biotechnology,2023-01-11
Voya Financial Inc,VOYA,22.31,68.72,8330925600.0,NY,Financial Services,Financial Conglomerates,2023-01-11
Vuzix Corporation,VUZI,24.97,5.19,327333300.0,NAS,Technology,Consumer Electronics,2023-01-11
Vivint Smart Home Inc. ,VVNT,36.42,11.95,2493606500.0,NY,Industrials,Security & Protection Services,2023-01-11
Wayfair Inc Class A,W,34.86,56.19,4362591600.0,NY,Consumer Cyclical,Internet Retail,2023-01-11
Nikola Corporation - Common Stock,NKLA,29.75,2.67,1051579500.0,NAS,Consumer Cyclical,Auto Manufacturers,2023-01-11
Lemonade Inc. Common Stock,LMND,25.57,15.05,924220500.0,NY,Financial Services,Insurance - Property & Casualty,2023-01-11
Winnebago Industries Inc,WGO,20.07,62.33,2094288000.0,NY,Consumer Cyclical,Recreational Vehicles,2023-01-11
Kymera Therapeutics Inc. - Common Stock,KYMR,20.53,36.77,1655753100.0,NAS,Healthcare,Biotechnology,2023-01-11
Luminar Technologies Inc. - Class A Common Stock,LAZR,25.34,6.18,1450507800.0,NAS,Technology,Software - Application,2023-01-11
ALX Oncology Holdings Inc. - Common Stock,ALXO,23.69,9.55,384196500.0,NAS,Healthcare,Biotechnology,2023-01-11
Amyris Inc,AMRS,20.18,1.62,477900000.0,NAS,Basic Materials,Specialty Chemicals,2023-01-11
Anaptysbio Inc,ANAB,20.57,24.9,681513000.0,NAS,Healthcare,Biotechnology,2023-01-11
Arcutis Biotherapeutics Inc. - Common stock,ARQT,24.7,16.13,809887300.0,NAS,Healthcare,Biotechnology,2023-01-11
Axsome Therapeutics Inc,AXSM,21.32,73.98,2779428600.0,NAS,Healthcare,Biotechnology,2023-01-11
Bed Bath & Beyond Inc,BBBY,50.28,3.24,345481200.0,NAS,Consumer Cyclical,Specialty Retail,2023-01-11
Big Lots Inc,BIG,30.29,16.73,579527200.0,NY,Consumer Defensive,Discount Stores,2023-01-11
Blink Charging CO,BLNK,32.33,13.93,584781400.0,NAS,Consumer Cyclical,Specialty Retail,2023-01-11
Beyond Meat Inc,BYND,39.79,16.13,1017157800.0,NAS,Consumer Defensive,Packaged Foods,2023-01-11
Celsius Holdings Inc,CELH,23.33,101.43,7319188800.0,NAS,Consumer Defensive,Beverages - Non-Alcoholic,2023-01-11
Chewy Inc Class A,CHWY,24.34,44.81,4669650100.0,NY,Consumer Cyclical,Internet Retail,2023-01-11
Beam Therapeutics Inc. - Common Stock,BEAM,20.7,44.44,2781055200.0,NAS,Healthcare,Biotechnology,2023-01-11
Cowen Inc - Class A,COWN,31.39,38.85,1043899500.0,NAS,Financial Services,Capital Markets,2023-01-11
Cinemark Holdings Inc Cinemark Holdings Inc Comm,CNK,22.83,11.51,1375905400.0,NY,Communication Services,Entertainment,2023-01-11
Kala Pharmaceuticals Inc,KALA,38.35,15.68,1013555200.0,NAS,Healthcare,Biotechnology,2023-01-11
Nordstrom Inc,JWN,22.87,18.43,2928527000.0,NY,Consumer Cyclical,Department Stores,2023-01-11
Haverty Furniture Companies Inc,HVT,21.61,33.27,563261100.0,NY,Consumer Cyclical,Home Improvement Retail,2023-01-11
Geo Group Inc (the) Reit,GEO,20.76,11.44,1391447200.0,NY,Real Estate,REIT - Healthcare Facilities,2023-01-11
Hci Group Inc,HCI,21.76,49.97,423745600.0,NY,Financial Services,Insurance - Property & Casualty,2023-01-11
Kura Sushi Usa Inc - Class A,KRUS,28.09,57.47,426427400.0,NAS,Consumer Cyclical,Restaurants,2023-01-11
Ebix Inc,EBIX,20.71,19.1,590954000.0,NAS,Technology,Software - Application,2023-01-11
Desktop Metal Inc. Class A Common Stock,DM,27.56,1.78,455288400.0,NY,Technology,Computer Hardware,2023-01-11
Camping World Holdings Inc Class A Commom Stock,CWH,23.9,24.24,1111404000.0,NY,Consumer Cyclical,Recreational Vehicles,2023-01-11
Comstock Resources Inc,CRK,20.88,12.28,2853994800.0,NY,Energy,Oil & Gas E&P,2023-01-11
Fate Therapeutics Inc,FATE,24.45,5.4,507816000.0,NAS,Healthcare,Biotechnology,2023-01-11
Geo Group Inc (the) Reit,GEO,20.69,12.04,1464425200.0,NY,Real Estate,REIT - Healthcare Facilities,2023-01-25
Ebix Inc,EBIX,20.99,20.19,624678600.0,NAS,Technology,Software - Application,2023-01-25
Earthstone Energy Inc Class A,ESTE,29.99,12.79,564550600.0,NY,Energy,Oil & Gas E&P,2023-01-25
Hci Group Inc,HCI,23.45,48.71,413060800.0,NY,Financial Services,Insurance - Property & Casualty,2023-01-25
Luminar Technologies Inc. - Class A Common Stock,LAZR,29.34,6.38,1497449800.0,NAS,Technology,Software - Application,2023-01-25
Igm Biosciences Inc,IGMS,20.85,22.64,579357600.0,NAS,Healthcare,Biotechnology,2023-01-25
Nordstrom Inc,JWN,22.8,22.34,3549826000.0,NY,Consumer Cyclical,Department Stores,2023-01-25
Kura Sushi Usa Inc - Class A,KRUS,25.24,56.53,419452600.0,NAS,Consumer Cyclical,Restaurants,2023-01-25
Kymera Therapeutics Inc. - Common Stock,KYMR,21.41,33.38,1503101400.0,NAS,Healthcare,Biotechnology,2023-01-25
Desktop Metal Inc. Class A Common Stock,DM,28.2,1.76,450172800.0,NY,Technology,Computer Hardware,2023-01-25
Haverty Furniture Companies Inc,HVT,20.61,35.47,600507100.0,NY,Consumer Cyclical,Home Improvement Retail,2023-01-25
Camping World Holdings Inc Class A Commom Stock,CWH,24.06,25.29,1159546500.0,NY,Consumer Cyclical,Recreational Vehicles,2023-01-25
ALX Oncology Holdings Inc. - Common Stock,ALXO,23.12,8.13,327069900.0,NAS,Healthcare,Biotechnology,2023-01-25
Cowen Inc - Class A,COWN,32.82,38.89,1044974300.0,NAS,Financial Services,Capital Markets,2023-01-25
Cinemark Holdings Inc Cinemark Holdings Inc Comm,CNK,24.09,12.21,1459583400.0,NY,Communication Services,Entertainment,2023-01-25
Chewy Inc Class A,CHWY,24.67,45.16,4706123600.0,NY,Consumer Cyclical,Internet Retail,2023-01-25
Celsius Holdings Inc,CELH,23.73,96.41,6956945600.0,NAS,Consumer Defensive,Beverages - Non-Alcoholic,2023-01-25
Beyond Meat Inc,BYND,39.25,16.25,1024725000.0,NAS,Consumer Defensive,Packaged Foods,2023-01-25
Blink Charging CO,BLNK,31.09,10.84,455063200.0,NAS,Consumer Cyclical,Specialty Retail,2023-01-25
Big Lots Inc,BIG,29.42,16.37,567056800.0,NY,Consumer Defensive,Discount Stores,2023-01-25
Beam Therapeutics Inc. - Common Stock,BEAM,22.56,42.53,2661527400.0,NAS,Healthcare,Biotechnology,2023-01-25
Axsome Therapeutics Inc,AXSM,22.42,62.96,2365407200.0,NAS,Healthcare,Biotechnology,2023-01-25
Arcutis Biotherapeutics Inc. - Common stock,ARQT,24.91,16.53,829971300.0,NAS,Healthcare,Biotechnology,2023-01-25
Amyris Inc,AMRS,21.01,1.53,451350000.0,NAS,Basic Materials,Specialty Chemicals,2023-01-25
Lemonade Inc. Common Stock,LMND,24.73,16.53,1015107300.0,NY,Financial Services,Insurance - Property & Casualty,2023-01-25
Comstock Resources Inc,CRK,21.6,11.83,2749410300.0,NY,Energy,Oil & Gas E&P,2023-01-25
Nikola Corporation - Common Stock,NKLA,29.11,2.42,953117000.0,NAS,Consumer Cyclical,Auto Manufacturers,2023-01-25
Virgin Galactic Holdings Inc,SPCE,22.42,5.18,1246877800.0,NY,Industrials,Aerospace & Defense,2023-01-25
Penske Automotive Group Inc,PAG,20.41,139.2,11251536000.0,NY,Consumer Cyclical,Auto & Truck Dealerships,2023-01-25
Allogene Therapeutics Inc,ALLO,42.68,6.92,979456800.0,NAS,Healthcare,Biotechnology,2023-01-25
Zumiez Inc,ZUMZ,20.27,25.25,650945000.0,NAS,Consumer Cyclical,Apparel Retail,2023-01-25
World Wrestling Entertainment Inc Class A Common,WWE,21.13,88.5,4005510000.0,NY,Communication Services,Entertainment,2023-01-25
Winnebago Industries Inc,WGO,20.31,64.79,2176944000.0,NY,Consumer Cyclical,Recreational Vehicles,2023-01-25
Wayfair Inc Class A,W,37.74,57.92,4496908800.0,NY,Consumer Cyclical,Internet Retail,2023-01-25
Vivint Smart Home Inc. ,VVNT,37.84,11.98,2499866600.0,NY,Industrials,Security & Protection Services,2023-01-25
Vuzix Corporation,VUZI,25.61,4.9,309043000.0,NAS,Technology,Consumer Electronics,2023-01-25
Voya Financial Inc,VOYA,22.35,73.47,8906768100.0,NY,Financial Services,Financial Conglomerates,2023-01-25
Veru Inc,VERU,22.54,3.97,311089200.0,NAS,Healthcare,Biotechnology,2023-01-25
UWM Holdings Corporation Class A Common Stock,UWMC,27.19,4.17,429968700.0,NY,Financial Services,Mortgage Finance,2023-01-25
Upstart Holdings Inc. - Common stock,UPST,37.49,16.53,1271157000.0,NAS,Financial Services,Credit Services,2023-01-25
Trupanion Inc,TRUP,20.4,57.5,2269525000.0,NAS,Financial Services,Insurance - Specialty,2023-01-25
Target Hospitality Corp,TH,24.09,14.58,1476079200.0,NAS,Energy,Oil & Gas Equipment & Services,2023-01-25
Springworks Therapeutics Inc,SWTX,28.03,30.68,1505160800.0,NAS,Healthcare,Biotechnology,2023-01-25
Seritage Growth Properties Class A,SRG,22.11,12.07,516113200.0,NY,Real Estate,REIT - Retail,2023-01-25
Sirius XM Holdings Inc,SIRI,25.28,4.78,19550200000.0,NAS,Communication Services,Broadcasting,2023-01-25
Cassava Sciences Inc,SAVA,26.29,28.51,1140685100.0,NAS,Healthcare,Biotechnology,2023-01-25
Sonic Automotive Inc,SAH,31.86,58.11,1718312700.0,NY,Consumer Cyclical,Auto & Truck Dealerships,2023-01-25
Root Inc. - common stock,ROOT,20.77,5.74,498314150.0,NAS,Financial Services,Insurance - Property & Casualty,2023-01-25
Relay Therapeutics Inc. - Common Stock,RLAY,22.21,20.07,1814930100.0,NAS,Healthcare,Biotechnology,2023-01-25
Rocket Companies Inc. Class A Common Stock,RKT,33.53,9.09,1240512300.0,NY,Financial Services,Mortgage Finance,2023-01-25
Reata Pharmaceuticals Inc - Class A,RETA,29.42,45.33,1422002100.0,NAS,Healthcare,Biotechnology,2023-01-25
QuantumScape Corporation Class A Common Stock,QS,25.52,8.59,2230307600.0,NY,Consumer Cyclical,Auto Parts,2023-01-25
PMV Pharmaceuticals Inc. - Common Stock,PMVP,30.12,7.32,329619600.0,NAS,Healthcare,Biotechnology,2023-01-25
Childrens Place Inc (the,PLCE,22.84,42.3,620541000.0,NAS,Consumer Cyclical,Apparel Retail,2023-01-25
Sunnova Energy International Inc,NOVA,22.89,17.25,1931482500.0,NY,Technology,Solar,2023-01-25
Allogene Therapeutics Inc,ALLO,43.13,6.19,876132600.0,NAS,Healthcare,Biotechnology,2023-02-09
Haverty Furniture Companies Inc,HVT,20.31,37.87,641139100.0,NY,Consumer Cyclical,Home Improvement Retail,2023-02-09
Arcutis Biotherapeutics Inc. - Common stock,ARQT,25.02,15.66,786288600.0,NAS,Healthcare,Biotechnology,2023-02-09
PMV Pharmaceuticals Inc. - Common Stock,PMVP,28.8,7.16,322414800.0,NAS,Healthcare,Biotechnology,2023-02-09
QuantumScape Corporation Class A Common Stock,QS,23.98,9.08,2357531200.0,NY,Consumer Cyclical,Auto Parts,2023-02-09
Reata Pharmaceuticals Inc - Class A,RETA,30.39,44.51,1396278700.0,NAS,Healthcare,Biotechnology,2023-02-09
Rocket Companies Inc. Class A Common Stock,RKT,35.17,7.87,1074018900.0,NY,Financial Services,Mortgage Finance,2023-02-09
Relay Therapeutics Inc. - Common Stock,RLAY,20.68,17.06,1542735800.0,NAS,Healthcare,Biotechnology,2023-02-09
Root Inc. - common stock,ROOT,20.33,5.35,464861500.0,NAS,Financial Services,Insurance - Property & Casualty,2023-02-09
Sonic Automotive Inc,SAH,31.79,56.27,1663903900.0,NY,Consumer Cyclical,Auto & Truck Dealerships,2023-02-09
Autonation Inc,AN,23.18,139.25,11476985000.0,NY,Consumer Cyclical,Auto & Truck Dealerships,2023-02-09
Silverbow Resorces Inc,SBOW,20.99,24.84,301557600.0,NY,Energy,Oil & Gas E&P,2023-02-09
Sirius XM Holdings Inc,SIRI,25.15,4.39,17955100000.0,NAS,Communication Services,Broadcasting,2023-02-09
Virgin Galactic Holdings Inc,SPCE,24.54,5.48,1319090800.0,NY,Industrials,Aerospace & Defense,2023-02-09
Sunpower Corporation,SPWR,21.02,14.45,2492914000.0,NAS,Technology,Solar,2023-02-09
Seritage Growth Properties Class A,SRG,21.79,12.26,524237600.0,NY,Real Estate,REIT - Retail,2023-02-09
Springworks Therapeutics Inc,SWTX,29.73,29.78,1461006800.0,NAS,Healthcare,Biotechnology,2023-02-09
Target Hospitality Corp,TH,23.5,15.12,1530748800.0,NAS,Energy,Oil & Gas Equipment & Services,2023-02-09
Trupanion Inc,TRUP,21.47,56.53,2231239100.0,NAS,Financial Services,Insurance - Specialty,2023-02-09
Amerco,UHAL,23.87,64.54,1265629400.0,NAS,Industrials,Rental & Leasing Services,2023-02-09
Upstart Holdings Inc. - Common stock,UPST,40.95,18.04,1387276000.0,NAS,Financial Services,Credit Services,2023-02-09
UWM Holdings Corporation Class A Common Stock,UWMC,26.87,4.19,432030900.0,NY,Financial Services,Mortgage Finance,2023-02-09
Veru Inc,VERU,21.88,4.14,324410400.0,NAS,Healthcare,Biotechnology,2023-02-09
Voya Financial Inc,VOYA,23.19,73.59,8921315700.0,NY,Financial Services,Financial Conglomerates,2023-02-09
Vivint Smart Home Inc. ,VVNT,27.47,11.49,2397618300.0,NY,Industrials,Security & Protection Services,2023-02-09
Wayfair Inc Class A,W,37.53,37.43,2906065200.0,NY,Consumer Cyclical,Internet Retail,2023-02-09
World Wrestling Entertainment Inc Class A Common,WWE,21.51,85.79,3882855400.0,NY,Communication Services,Entertainment,2023-02-09
Zumiez Inc,ZUMZ,20.97,23.7,610986000.0,NAS,Consumer Cyclical,Apparel Retail,2023-02-09
Childrens Place Inc (the,PLCE,21.25,41.54,609391800.0,NAS,Consumer Cyclical,Apparel Retail,2023-02-09
Petmed Express Inc,PETS,22.65,19.42,393643400.0,NAS,Healthcare,Pharmaceutical Retailers,2023-02-09
Cassava Sciences Inc,SAVA,25.09,24.9,996249000.0,NAS,Healthcare,Biotechnology,2023-02-09
Penske Automotive Group Inc,PAG,21.6,143.83,11625778900.0,NY,Consumer Cyclical,Auto & Truck Dealerships,2023-02-09
Axsome Therapeutics Inc,AXSM,21.58,61.05,2293648500.0,NAS,Healthcare,Biotechnology,2023-02-09
Beam Therapeutics Inc. - Common Stock,BEAM,21.53,38.92,2435613600.0,NAS,Healthcare,Biotechnology,2023-02-09
Par Technology Corporation,PAR,20.34,35.88,928574400.0,NY,Technology,Software - Application,2023-02-09
Blink Charging CO,BLNK,28.78,9.04,379499200.0,NAS,Consumer Cyclical,Specialty Retail,2023-02-09
Beyond Meat Inc,BYND,37.38,18.88,1190572800.0,NAS,Consumer Defensive,Packaged Foods,2023-02-09
Celsius Holdings Inc,CELH,23.0,92.07,6643771200.0,NAS,Consumer Defensive,Beverages - Non-Alcoholic,2023-02-09
Chewy Inc Class A,CHWY,24.19,39.56,4122547600.0,NY,Consumer Cyclical,Internet Retail,2023-02-09
Cinemark Holdings Inc Cinemark Holdings Inc Comm,CNK,22.78,13.27,1586295800.0,NY,Communication Services,Entertainment,2023-02-09
Cowen Inc - Class A,COWN,30.72,39.01,1048198700.0,NAS,Financial Services,Capital Markets,2023-02-09
Comstock Resources Inc,CRK,20.52,12.81,2977172100.0,NY,Energy,Oil & Gas E&P,2023-02-09
Camping World Holdings Inc Class A Commom Stock,CWH,21.14,23.46,1075641000.0,NY,Consumer Cyclical,Recreational Vehicles,2023-02-09
Desktop Metal Inc. Class A Common Stock,DM,31.22,1.49,381112200.0,NY,Technology,Computer Hardware,2023-02-09
Ebix Inc,EBIX,21.99,17.11,529383400.0,NAS,Technology,Software - Application,2023-02-09
Big Lots Inc,BIG,31.42,14.89,515789600.0,NY,Consumer Defensive,Discount Stores,2023-02-09
Hci Group Inc,HCI,21.66,51.76,438924800.0,NY,Financial Services,Insurance - Property & Casualty,2023-02-09
Geo Group Inc (the) Reit,GEO,21.43,9.19,1117779700.0,NY,Real Estate,REIT - Healthcare Facilities,2023-02-09
Sunnova Energy International Inc,NOVA,24.64,16.59,1857582300.0,NY,Technology,Solar,2023-02-09
The Lovesac Company,LOVE,20.75,27.81,417706200.0,NAS,Consumer Cyclical,Furnishings,2023-02-09
Lemonade Inc. Common Stock,LMND,24.83,15.94,978875400.0,NY,Financial Services,Insurance - Property & Casualty,2023-02-09
Luminar Technologies Inc. - Class A Common Stock,LAZR,31.14,8.35,1959828500.0,NAS,Technology,Software - Application,2023-02-09
Nikola Corporation - Common Stock,NKLA,26.71,2.22,874347000.0,NAS,Consumer Cyclical,Auto Manufacturers,2023-02-09
Kura Sushi Usa Inc - Class A,KRUS,27.71,61.53,456552600.0,NAS,Consumer Cyclical,Restaurants,2023-02-09
Kala Pharmaceuticals Inc,KALA,22.63,11.5,743360000.0,NAS,Healthcare,Biotechnology,2023-02-09
Nordstrom Inc,JWN,24.96,19.2,3050880000.0,NY,Consumer Cyclical,Department Stores,2023-02-09
Igm Biosciences Inc,IGMS,21.75,21.23,543275700.0,NAS,Healthcare,Biotechnology,2023-02-09
Kymera Therapeutics Inc. - Common Stock,KYMR,21.93,31.46,1416643800.0,NAS,Healthcare,Biotechnology,2023-02-09
Seritage Growth Properties Class A,SRG,22.57,10.83,463090800.0,NY,Real Estate,REIT - Retail,2023-02-27
Root Inc. - common stock,ROOT,42.35,3.98,345387750.0,NAS,Financial Services,Insurance - Property & Casualty,2023-02-27
Sonic Automotive Inc,SAH,32.95,57.42,1697909400.0,NY,Consumer Cyclical,Auto & Truck Dealerships,2023-02-27
Cassava Sciences Inc,SAVA,27.62,24.79,991847900.0,NAS,Healthcare,Biotechnology,2023-02-27
Silverbow Resorces Inc,SBOW,20.59,24.82,301314800.0,NY,Energy,Oil & Gas E&P,2023-02-27
Relay Therapeutics Inc. - Common Stock,RLAY,20.55,15.57,1407995100.0,NAS,Healthcare,Biotechnology,2023-02-27
Sirius XM Holdings Inc,SIRI,26.54,3.8,15542000000.0,NAS,Communication Services,Broadcasting,2023-02-27
Virgin Galactic Holdings Inc,SPCE,23.82,5.1,1227621000.0,NY,Industrials,Aerospace & Defense,2023-02-27
Sunpower Corporation,SPWR,20.4,15.44,2663708800.0,NAS,Technology,Solar,2023-02-27
Springworks Therapeutics Inc,SWTX,25.73,29.99,1471309400.0,NAS,Healthcare,Biotechnology,2023-02-27
Voya Financial Inc,VOYA,23.93,72.35,8770990500.0,NY,Financial Services,Financial Conglomerates,2023-02-27
Trupanion Inc,TRUP,21.59,54.42,2147957400.0,NAS,Financial Services,Insurance - Specialty,2023-02-27
Amerco,UHAL,23.94,62.59,1227389900.0,NAS,Industrials,Rental & Leasing Services,2023-02-27
Upstart Holdings Inc. - Common stock,UPST,46.82,16.22,1247318000.0,NAS,Financial Services,Credit Services,2023-02-27
UWM Holdings Corporation Class A Common Stock,UWMC,26.4,4.59,473274900.0,NY,Financial Services,Mortgage Finance,2023-02-27
Vivint Smart Home Inc. ,VVNT,27.9,12,2504040000.0,NY,Industrials,Security & Protection Services,2023-02-27
Wayfair Inc Class A,W,35.48,36.23,2812897200.0,NY,Consumer Cyclical,Internet Retail,2023-02-27
World Wrestling Entertainment Inc Class A Common,WWE,21.45,81,3666060000.0,NY,Communication Services,Entertainment,2023-02-27
Zumiez Inc,ZUMZ,20.59,22.52,580565600.0,NAS,Consumer Cyclical,Apparel Retail,2023-02-27
Rocket Companies Inc. Class A Common Stock,RKT,35.17,8.29,1131336300.0,NY,Financial Services,Mortgage Finance,2023-02-27
Target Hospitality Corp,TH,22.54,15.76,1595542400.0,NAS,Energy,Oil & Gas Equipment & Services,2023-02-27
B. Riley Financial Inc,RILY,21.27,36.44,990803600.0,NAS,Financial Services,Financial Conglomerates,2023-02-27
QuantumScape Corporation Class A Common Stock,QS,24.87,7.32,1900564800.0,NY,Consumer Cyclical,Auto Parts,2023-02-27
Arcutis Biotherapeutics Inc. - Common stock,ARQT,27.2,12.73,639173300.0,NAS,Healthcare,Biotechnology,2023-02-27
Reata Pharmaceuticals Inc - Class A,RETA,32.14,84.6,2653902000.0,NAS,Healthcare,Biotechnology,2023-02-27
C3.ai Inc. Class A Common Stock,AI,25.64,22.7,2211661000.0,NY,Technology,Information Technology Services,2023-02-27
Allogene Therapeutics Inc,ALLO,43.96,5.79,819516600.0,NAS,Healthcare,Biotechnology,2023-02-27
Autonation Inc,AN,21.87,141.03,11623692600.0,NY,Consumer Cyclical,Auto & Truck Dealerships,2023-02-27
Axsome Therapeutics Inc,AXSM,23.48,61.97,2328212900.0,NAS,Healthcare,Biotechnology,2023-02-27
Beam Therapeutics Inc. - Common Stock,BEAM,20.71,34.81,2178409800.0,NAS,Healthcare,Biotechnology,2023-02-27
Big Lots Inc,BIG,30.31,14.05,486692000.0,NY,Consumer Defensive,Discount Stores,2023-02-27
Beyond Meat Inc,BYND,40.14,17.36,1094721600.0,NAS,Consumer Defensive,Packaged Foods,2023-02-27
Celsius Holdings Inc,CELH,20.67,87,6277920000.0,NAS,Consumer Defensive,Beverages - Non-Alcoholic,2023-02-27
Chewy Inc Class A,CHWY,25.75,39.88,4155894800.0,NY,Consumer Cyclical,Internet Retail,2023-02-27
Cowen Inc - Class A,COWN,29.82,38.99,1047661300.0,NAS,Financial Services,Capital Markets,2023-02-27
Comstock Resources Inc,CRK,23.12,11.56,2686659600.0,NY,Energy,Oil & Gas E&P,2023-02-27
Camping World Holdings Inc Class A Commom Stock,CWH,23.24,22.41,1027498500.0,NY,Consumer Cyclical,Recreational Vehicles,2023-02-27
Desktop Metal Inc. Class A Common Stock,DM,28.9,2.19,560158200.0,NY,Technology,Computer Hardware,2023-02-27
Ebix Inc,EBIX,23.53,16.78,519173200.0,NAS,Technology,Software - Application,2023-02-27
Cinemark Holdings Inc Cinemark Holdings Inc Comm,CNK,23.42,12.82,1532502800.0,NY,Communication Services,Entertainment,2023-02-27
Hci Group Inc,HCI,22.19,52.69,446811200.0,NY,Financial Services,Insurance - Property & Casualty,2023-02-27
Childrens Place Inc (the,PLCE,20.56,41.66,611152200.0,NAS,Consumer Cyclical,Apparel Retail,2023-02-27
Petmed Express Inc,PETS,24.03,17.63,357360100.0,NAS,Healthcare,Pharmaceutical Retailers,2023-02-27
Par Technology Corporation,PAR,20.6,33.95,878626000.0,NY,Technology,Software - Application,2023-02-27
Geo Group Inc (the) Reit,GEO,23.09,8.52,1036287600.0,NY,Real Estate,REIT - Healthcare Facilities,2023-02-27
Sunnova Energy International Inc,NOVA,22.74,17.43,1951637100.0,NY,Technology,Solar,2023-02-27
Nikola Corporation - Common Stock,NKLA,28.14,1.8,708930000.0,NAS,Consumer Cyclical,Auto Manufacturers,2023-02-27
The Lovesac Company,LOVE,26.11,26.73,401484600.0,NAS,Consumer Cyclical,Furnishings,2023-02-27
Penske Automotive Group Inc,PAG,21.25,145.52,11762381600.0,NY,Consumer Cyclical,Auto & Truck Dealerships,2023-02-27
Luminar Technologies Inc. - Class A Common Stock,LAZR,31.67,9.11,2138208100.0,NAS,Technology,Software - Application,2023-02-27
Kymera Therapeutics Inc. - Common Stock,KYMR,21.68,31.71,1427901300.0,NAS,Healthcare,Biotechnology,2023-02-27
Igm Biosciences Inc,IGMS,20.78,19.1,488769000.0,NAS,Healthcare,Biotechnology,2023-02-27
Kura Sushi Usa Inc - Class A,KRUS,28.19,67.13,498104600.0,NAS,Consumer Cyclical,Restaurants,2023-02-27
Nordstrom Inc,JWN,22.67,18.84,2993676000.0,NY,Consumer Cyclical,Department Stores,2023-02-27
Lemonade Inc. Common Stock,LMND,24.32,13.78,846229800.0,NY,Financial Services,Insurance - Property & Casualty,2023-02-27
Fate Therapeutics Inc,FATE,20.44,5.39,506875600.0,NAS,Healthcare,Biotechnology,2023-03-09
Geo Group Inc (the) Reit,GEO,21.64,7.66,931685800.0,NY,Real Estate,REIT - Healthcare Facilities,2023-03-09
Hci Group Inc,HCI,22.19,54.21,459700800.0,NY,Financial Services,Insurance - Property & Casualty,2023-03-09
Igm Biosciences Inc,IGMS,20.32,15.38,393574200.0,NAS,Healthcare,Biotechnology,2023-03-09
Kymera Therapeutics Inc. - Common Stock,KYMR,21.42,29.33,1320729900.0,NAS,Healthcare,Biotechnology,2023-03-09
Kura Sushi Usa Inc - Class A,KRUS,27.47,67.39,500033800.0,NAS,Consumer Cyclical,Restaurants,2023-03-09
Luminar Technologies Inc. - Class A Common Stock,LAZR,30.08,6.39,1499796900.0,NAS,Technology,Software - Application,2023-03-09
Ebix Inc,EBIX,23.86,12.88,398352500.0,NAS,Technology,Software - Application,2023-03-09
Lemonade Inc. Common Stock,LMND,25.78,12.95,795259500.0,NY,Financial Services,Insurance - Property & Casualty,2023-03-09
The Lovesac Company,LOVE,29.71,25.26,379405200.0,NAS,Consumer Cyclical,Furnishings,2023-03-09
Nordstrom Inc,JWN,22.35,15.4,2447060000.0,NY,Consumer Cyclical,Department Stores,2023-03-09
Desktop Metal Inc. Class A Common Stock,DM,29.33,2.11,539695800.0,NY,Technology,Computer Hardware,2023-03-09
Rocket Companies Inc. Class A Common Stock,RKT,36.15,8.86,1209124200.0,NY,Financial Services,Mortgage Finance,2023-03-09
Cinemark Holdings Inc Cinemark Holdings Inc Comm,CNK,23.73,13.42,1604226800.0,NY,Communication Services,Entertainment,2023-03-09
Chewy Inc Class A,CHWY,24.48,33.59,3500413900.0,NY,Consumer Cyclical,Internet Retail,2023-03-09
Celsius Holdings Inc,CELH,21.65,90.46,6527593600.0,NAS,Consumer Defensive,Beverages - Non-Alcoholic,2023-03-09
C3.ai Inc. Class A Common Stock,AI,27.31,25.27,2462056100.0,NY,Technology,Information Technology Services,2023-03-09
Allogene Therapeutics Inc,ALLO,46.02,5.02,710530800.0,NAS,Healthcare,Biotechnology,2023-03-09
Amyris Inc,AMRS,21.04,1.32,389400000.0,NAS,Basic Materials,Specialty Chemicals,2023-03-09
Autonation Inc,AN,20.5,124.62,10271180400.0,NY,Consumer Cyclical,Auto & Truck Dealerships,2023-03-09
Arcutis Biotherapeutics Inc. - Common stock,ARQT,28.23,10.23,513648300.0,NAS,Healthcare,Biotechnology,2023-03-09
Axsome Therapeutics Inc,AXSM,24.45,61.96,2327837200.0,NAS,Healthcare,Biotechnology,2023-03-09
Beam Therapeutics Inc. - Common Stock,BEAM,21.06,30.39,1901806200.0,NAS,Healthcare,Biotechnology,2023-03-09
Big Lots Inc,BIG,32.46,10.26,355406400.0,NY,Consumer Defensive,Discount Stores,2023-03-09
Sunnova Energy International Inc,NOVA,23.7,13.17,1474644900.0,NY,Technology,Solar,2023-03-09
Beyond Meat Inc,BYND,36.89,16.27,1025986200.0,NAS,Consumer Defensive,Packaged Foods,2023-03-09
Camping World Holdings Inc Class A Commom Stock,CWH,22.58,19.16,878486000.0,NY,Consumer Cyclical,Recreational Vehicles,2023-03-09
Oak Street Health Inc. Common Stock,OSH,20.34,35.41,8526019800.0,NY,Healthcare,Medical Care Facilities,2023-03-09
Virgin Galactic Holdings Inc,SPCE,23.73,4.1,986911000.0,NY,Industrials,Aerospace & Defense,2023-03-09
Par Technology Corporation,PAR,20.82,32.01,828418800.0,NY,Technology,Software - Application,2023-03-09
Vivint Smart Home Inc. ,VVNT,33.25,11.98,2499866600.0,NY,Industrials,Security & Protection Services,2023-03-09
Voya Financial Inc,VOYA,24.21,67.64,8199997200.0,NY,Financial Services,Financial Conglomerates,2023-03-09
UWM Holdings Corporation Class A Common Stock,UWMC,26.31,4.91,506270100.0,NY,Financial Services,Mortgage Finance,2023-03-09
Upstart Holdings Inc. - Common stock,UPST,42.04,12.94,995086000.0,NAS,Financial Services,Credit Services,2023-03-09
Zumiez Inc,ZUMZ,22.56,17.62,454243600.0,NAS,Consumer Cyclical,Apparel Retail,2023-03-09
Zynex Inc,ZYXI,20.09,10.99,383001500.0,NAS,Healthcare,Medical Devices,2023-03-09
Penske Automotive Group Inc,PAG,21.26,132.82,10735840600.0,NY,Consumer Cyclical,Auto & Truck Dealerships,2023-03-09
Amerco,UHAL,24.27,54.17,1062273700.0,NAS,Industrials,Rental & Leasing Services,2023-03-09
Trupanion Inc,TRUP,22.73,38.35,1513674500.0,NAS,Financial Services,Insurance - Specialty,2023-03-09
Target Hospitality Corp,TH,22.25,15.8,1599592000.0,NAS,Energy,Oil & Gas Equipment & Services,2023-03-09
Wayfair Inc Class A,W,34.93,34.24,2658393600.0,NY,Consumer Cyclical,Internet Retail,2023-03-09
Travelcenters of America Inc,TA,23.15,86.23,1255508800.0,NAS,Consumer Cyclical,Specialty Retail,2023-03-09
Seritage Growth Properties Class A,SRG,22.91,7.73,330534800.0,NY,Real Estate,REIT - Retail,2023-03-09
Sirius XM Holdings Inc,SIRI,26.32,3.77,15419300000.0,NAS,Communication Services,Broadcasting,2023-03-09
Cassava Sciences Inc,SAVA,28.69,24.17,967041700.0,NAS,Healthcare,Biotechnology,2023-03-09
Sonic Automotive Inc,SAH,28.48,51.53,1523742100.0,NY,Consumer Cyclical,Auto & Truck Dealerships,2023-03-09
Root Inc. - common stock,ROOT,28.91,4.37,379709300.0,NAS,Financial Services,Insurance - Property & Casualty,2023-03-09
Relay Therapeutics Inc. - Common Stock,RLAY,21.07,15.31,1384483300.0,NAS,Healthcare,Biotechnology,2023-03-09
B. Riley Financial Inc,RILY,24.26,26.96,733042400.0,NAS,Financial Services,Financial Conglomerates,2023-03-09
Reata Pharmaceuticals Inc - Class A,RETA,30.44,85.69,2688095300.0,NAS,Healthcare,Biotechnology,2023-03-09
QuantumScape Corporation Class A Common Stock,QS,20.76,7.58,1968071200.0,NY,Consumer Cyclical,Auto Parts,2023-03-09
Childrens Place Inc (the,PLCE,21.51,37.22,546017400.0,NAS,Consumer Cyclical,Apparel Retail,2023-03-09
Springworks Therapeutics Inc,SWTX,26.11,24.97,1225028200.0,NAS,Healthcare,Biotechnology,2023-03-09
World Wrestling Entertainment Inc Class A Common,WWE,22.47,84.95,3844837000.0,NY,Communication Services,Entertainment,2023-03-09
Ebix Inc,EBIX,20.77,17.6,544544000.0,NAS,Technology,Software - Application,2023-03-24
Kymera Therapeutics Inc. - Common Stock,KYMR,21.29,31.65,1425199500.0,NAS,Healthcare,Biotechnology,2023-03-24
Desktop Metal Inc. Class A Common Stock,DM,30.05,2.25,575505000.0,NY,Technology,Computer Hardware,2023-03-24
Inhibrx Inc. - Common Stock,INBX,20.59,17,642770000.0,NAS,Healthcare,Biotechnology,2023-03-24
Geo Group Inc (the) Reit,GEO,20.56,8.1,985203000.0,NY,Real Estate,REIT - Healthcare Facilities,2023-03-24
Guess Inc,GES,20.87,19,1233480000.0,NY,Consumer Cyclical,Apparel Retail,2023-03-24
Hci Group Inc,HCI,23.92,50.83,431038400.0,NY,Financial Services,Insurance - Property & Casualty,2023-03-24
Kura Sushi Usa Inc - Class A,KRUS,27.47,66.17,490944300.0,NAS,Consumer Cyclical,Restaurants,2023-03-24
Fate Therapeutics Inc,FATE,23.64,5.61,527564400.0,NAS,Healthcare,Biotechnology,2023-03-24
Cinemark Holdings Inc Cinemark Holdings Inc Comm,CNK,23.73,16.33,1952088200.0,NY,Communication Services,Entertainment,2023-03-24
Allogene Therapeutics Inc,ALLO,49.63,4.59,649668600.0,NAS,Healthcare,Biotechnology,2023-03-24
Celsius Holdings Inc,CELH,21.17,86.07,6210811200.0,NAS,Consumer Defensive,Beverages - Non-Alcoholic,2023-03-24
Beyond Meat Inc,BYND,35.97,14.68,925720800.0,NAS,Consumer Defensive,Packaged Foods,2023-03-24
Big Lots Inc,BIG,32.1,10.96,379654400.0,NY,Consumer Defensive,Discount Stores,2023-03-24
Beam Therapeutics Inc. - Common Stock,BEAM,23.47,29.75,1861755000.0,NAS,Healthcare,Biotechnology,2023-03-24
Axsome Therapeutics Inc,AXSM,24.83,63.64,2390954800.0,NAS,Healthcare,Biotechnology,2023-03-24
Arcutis Biotherapeutics Inc. - Common stock,ARQT,31.44,13.26,665784600.0,NAS,Healthcare,Biotechnology,2023-03-24
Autonation Inc,AN,20.89,131.8,10862956000.0,NY,Consumer Cyclical,Auto & Truck Dealerships,2023-03-24
Luminar Technologies Inc. - Class A Common Stock,LAZR,27.46,5.68,1333152800.0,NAS,Technology,Software - Application,2023-03-24
Amyris Inc,AMRS,23.02,1.07,315650000.0,NAS,Basic Materials,Specialty Chemicals,2023-03-24
Chewy Inc Class A,CHWY,23.54,34.39,3583781900.0,NY,Consumer Cyclical,Internet Retail,2023-03-24
Lemonade Inc. Common Stock,LMND,25.72,13.42,824122200.0,NY,Financial Services,Insurance - Property & Casualty,2023-03-24
Silverbow Resorces Inc,SBOW,23.13,25.55,310177000.0,NY,Energy,Oil & Gas E&P,2023-03-24
Sunnova Energy International Inc,NOVA,25.16,15.61,1747851700.0,NY,Technology,Solar,2023-03-24
Zynex Inc,ZYXI,21.63,11.63,405305500.0,NAS,Healthcare,Medical Devices,2023-03-24
Zumiez Inc,ZUMZ,23.58,18.71,482343800.0,NAS,Consumer Cyclical,Apparel Retail,2023-03-24
World Wrestling Entertainment Inc Class A Common,WWE,21.48,102.78,4651822800.0,NY,Communication Services,Entertainment,2023-03-24
Wayfair Inc Class A,W,33.65,34.06,2644418400.0,NY,Consumer Cyclical,Internet Retail,2023-03-24
Voya Financial Inc,VOYA,23.72,73.76,8941924800.0,NY,Financial Services,Financial Conglomerates,2023-03-24
The Lovesac Company,LOVE,31.55,27.64,415152800.0,NAS,Consumer Cyclical,Furnishings,2023-03-24
UWM Holdings Corporation Class A Common Stock,UWMC,25.42,5.25,541327500.0,NY,Financial Services,Mortgage Finance,2023-03-24
Upstart Holdings Inc. - Common stock,UPST,42.09,16.39,1260391000.0,NAS,Financial Services,Credit Services,2023-03-24
Amerco,UHAL,23.21,61.01,1196406100.0,NAS,Industrials,Rental & Leasing Services,2023-03-24
Trupanion Inc,TRUP,24.22,42.89,1692868300.0,NAS,Financial Services,Insurance - Specialty,2023-03-24
Target Hospitality Corp,TH,21.71,12.77,1292834800.0,NAS,Energy,Oil & Gas Equipment & Services,2023-03-24
TG Therapeutics Inc. - Common Stock,TGTX,20.12,20.07,2839302900.0,NAS,Healthcare,Biotechnology,2023-03-24
Travelcenters of America Inc,TA,23.22,86.7,1262352000.0,NAS,Consumer Cyclical,Specialty Retail,2023-03-24
Springworks Therapeutics Inc,SWTX,26.75,23.95,1174987000.0,NAS,Healthcare,Biotechnology,2023-03-24
C3.ai Inc. Class A Common Stock,AI,28.74,22.04,2147357200.0,NY,Technology,Information Technology Services,2023-03-24
Virgin Galactic Holdings Inc,SPCE,25.92,3.27,787121700.0,NY,Industrials,Aerospace & Defense,2023-03-24
Seritage Growth Properties Class A,SRG,23.99,8.36,357473600.0,NY,Real Estate,REIT - Retail,2023-03-24
QuantumScape Corporation Class A Common Stock,QS,20.67,7.59,1970667600.0,NY,Consumer Cyclical,Auto Parts,2023-03-24
Childrens Place Inc (the,PLCE,24.17,32.32,474134400.0,NAS,Consumer Cyclical,Apparel Retail,2023-03-24
Penske Automotive Group Inc,PAG,20.19,140,11316200000.0,NY,Consumer Cyclical,Auto & Truck Dealerships,2023-03-24
Oak Street Health Inc. Common Stock,OSH,20.37,38.85,9354303000.0,NY,Healthcare,Medical Care Facilities,2023-03-24
Par Technology Corporation,PAR,20.05,33.39,864133200.0,NY,Technology,Software - Application,2023-03-24
Relay Therapeutics Inc. - Common Stock,RLAY,21.25,16.01,1447784300.0,NAS,Healthcare,Biotechnology,2023-03-24
Root Inc. - common stock,ROOT,32.48,4.15,360593500.0,NAS,Financial Services,Insurance - Property & Casualty,2023-03-24
Sonic Automotive Inc,SAH,26.59,52.56,1554199200.0,NY,Consumer Cyclical,Auto & Truck Dealerships,2023-03-24
Cassava Sciences Inc,SAVA,27.32,22.9,916229000.0,NAS,Healthcare,Biotechnology,2023-03-24
Sirius XM Holdings Inc,SIRI,24.36,3.99,16319100000.0,NAS,Communication Services,Broadcasting,2023-03-24
Rocket Companies Inc. Class A Common Stock,RKT,35.22,9.51,1297829700.0,NY,Financial Services,Mortgage Finance,2023-03-24
B. Riley Financial Inc,RILY,24.61,26.8,728692000.0,NAS,Financial Services,Financial Conglomerates,2023-03-24
Rocket Companies Inc. Class A Common Stock,RKT,30.88,8.66,1181830200.0,NY,Financial Services,Mortgage Finance,2023-04-12
Virgin Galactic Holdings Inc,SPCE,27.46,3.16,760643600.0,NY,Industrials,Aerospace & Defense,2023-04-12
Relay Therapeutics Inc. - Common Stock,RLAY,22.41,11.78,1065265400.0,NAS,Healthcare,Biotechnology,2023-04-12
Root Inc. - common stock,ROOT,33.27,3.87,336264300.0,NAS,Financial Services,Insurance - Property & Casualty,2023-04-12
Sonic Automotive Inc,SAH,25.73,51.84,1532908800.0,NY,Consumer Cyclical,Auto & Truck Dealerships,2023-04-12
Cassava Sciences Inc,SAVA,30.02,21.9,876219000.0,NAS,Healthcare,Biotechnology,2023-04-12
Sirius XM Holdings Inc,SIRI,26.71,3.69,15092100000.0,NAS,Communication Services,Broadcasting,2023-04-12
SL Green Realty Corp,SLG,22.78,23.14,1629287400.0,NY,Real Estate,REIT - Office,2023-04-12
Amerco,UHAL,20.88,59.58,1168363800.0,NAS,Industrials,Rental & Leasing Services,2023-04-12
Springworks Therapeutics Inc,SWTX,25.21,24.04,1179402400.0,NAS,Healthcare,Biotechnology,2023-04-12
TG Therapeutics Inc. - Common Stock,TGTX,21.45,22.38,3166098600.0,NAS,Healthcare,Biotechnology,2023-04-12
Target Hospitality Corp,TH,21.4,12.58,1273599200.0,NAS,Energy,Oil & Gas Equipment & Services,2023-04-12
Trupanion Inc,TRUP,26.75,31.62,1248041400.0,NAS,Financial Services,Insurance - Specialty,2023-04-12
B. Riley Financial Inc,RILY,30.34,30.23,821953700.0,NAS,Financial Services,Financial Conglomerates,2023-04-12
Upstart Holdings Inc. - Common stock,UPST,38.41,14.51,1115819000.0,NAS,Financial Services,Credit Services,2023-04-12
UWM Holdings Corporation Class A Common Stock,UWMC,25.65,5.55,572260500.0,NY,Financial Services,Mortgage Finance,2023-04-12
Voya Financial Inc,VOYA,24.26,75.16,9111646800.0,NY,Financial Services,Financial Conglomerates,2023-04-12
Wayfair Inc Class A,W,37.87,35.81,2780288400.0,NY,Consumer Cyclical,Internet Retail,2023-04-12
C3.ai Inc. Class A Common Stock,AI,28.72,17.69,1723536700.0,NY,Technology,Information Technology Services,2023-04-12
Seritage Growth Properties Class A,SRG,23.67,7.68,328396800.0,NY,Real Estate,REIT - Retail,2023-04-12
QuantumScape Corporation Class A Common Stock,QS,21.23,7.29,1892775600.0,NY,Consumer Cyclical,Auto Parts,2023-04-12
Pacwest Bancorp,PACW,20.56,10.31,1205445200.0,NAS,Financial Services,Banks - Regional,2023-04-12
Phathom Pharmaceuticals Inc,PHAT,20.8,10.2,319566000.0,NAS,Healthcare,Biotechnology,2023-04-12
Allogene Therapeutics Inc,ALLO,54.27,5.6,792624000.0,NAS,Healthcare,Biotechnology,2023-04-12
Autonation Inc,AN,22.98,129.03,10634652600.0,NY,Consumer Cyclical,Auto & Truck Dealerships,2023-04-12
Arcutis Biotherapeutics Inc. - Common stock,ARQT,34.54,13.37,671307700.0,NAS,Healthcare,Biotechnology,2023-04-12
Axsome Therapeutics Inc,AXSM,23.89,71.25,2676862500.0,NAS,Healthcare,Biotechnology,2023-04-12
Beam Therapeutics Inc. - Common Stock,BEAM,22.92,30.43,1904309400.0,NAS,Healthcare,Biotechnology,2023-04-12
Beyond Meat Inc,BYND,34.38,13.29,838067400.0,NAS,Consumer Defensive,Packaged Foods,2023-04-12
Celsius Holdings Inc,CELH,21.21,89.98,6492956800.0,NAS,Consumer Defensive,Beverages - Non-Alcoholic,2023-04-12
Chewy Inc Class A,CHWY,23.01,31.25,3256562500.0,NY,Consumer Cyclical,Internet Retail,2023-04-12
Cinemark Holdings Inc Cinemark Holdings Inc Comm,CNK,28.09,16.04,1917421600.0,NY,Communication Services,Entertainment,2023-04-12
Desktop Metal Inc. Class A Common Stock,DM,29.95,2.17,555042600.0,NY,Technology,Computer Hardware,2023-04-12
Fate Therapeutics Inc,FATE,29.95,6.03,567061200.0,NAS,Healthcare,Biotechnology,2023-04-12
Geo Group Inc (the) Reit,GEO,20.42,7.16,870870800.0,NY,Real Estate,REIT - Healthcare Facilities,2023-04-12
Hci Group Inc,HCI,23.26,53.25,451560000.0,NY,Financial Services,Insurance - Property & Casualty,2023-04-12
Helen of Troy Limited,HELE,20.77,82.98,2028861000.0,NAS,Consumer Defensive,Household & Personal Products,2023-04-12
Harmony Biosciences Holdings Inc. - Common Stock,HRMY,22.59,31.76,1807144000.0,NAS,Healthcare,Biotechnology,2023-04-12
Nordstrom Inc,JWN,20.67,15.21,2416869000.0,NY,Consumer Cyclical,Department Stores,2023-04-12
Kohls Corporation,KSS,20.46,21.44,3349571200.0,NY,Consumer Cyclical,Department Stores,2023-04-12
Kymera Therapeutics Inc. - Common Stock,KYMR,21.72,32.95,1483738500.0,NAS,Healthcare,Biotechnology,2023-04-12
Luminar Technologies Inc. - Class A Common Stock,LAZR,29.99,5.53,1297946300.0,NAS,Technology,Software - Application,2023-04-12
Lindblad Expeditions Holdings Inc,LIND,20.09,10.96,549424800.0,NAS,Consumer Cyclical,Travel Services,2023-04-12
Lemonade Inc. Common Stock,LMND,20.94,11.01,676124100.0,NY,Financial Services,Insurance - Property & Casualty,2023-04-12
The Lovesac Company,LOVE,37.43,26.74,401634800.0,NAS,Consumer Cyclical,Furnishings,2023-04-12
Maxeon Solar Technologies Ltd. - Ordinary Shares,MAXN,20.24,31.31,1344764500.0,NAS,Technology,Solar,2023-04-12
Penske Automotive Group Inc,PAG,20.63,136.9,11065627000.0,NY,Consumer Cyclical,Auto & Truck Dealerships,2023-04-12
Par Technology Corporation,PAR,20.28,30.13,779764400.0,NY,Technology,Software - Application,2023-04-12
Childrens Place Inc (the,PLCE,24.52,30.3,444501000.0,NAS,Consumer Cyclical,Apparel Retail,2023-04-12
Kura Sushi Usa Inc - Class A,KRUS,26.14,66.89,496323800.0,NAS,Consumer Cyclical,Restaurants,2023-04-12
Zynex Inc,ZYXI,21.63,11.5,400775000.0,NAS,Healthcare,Medical Devices,2023-04-12
World Wrestling Entertainment Inc Class A Common,WWE,24.2,108.2,4897132000.0,NY,Communication Services,Entertainment,2023-04-12
Zynex Inc,ZYXI,21.23,9.63,335605500.0,NAS,Healthcare,Medical Devices,2023-04-25
Phathom Pharmaceuticals Inc,PHAT,27.49,11.99,375646700.0,NAS,Healthcare,Biotechnology,2023-04-25
Childrens Place Inc (the,PLCE,24.59,27.13,397997100.0,NAS,Consumer Cyclical,Apparel Retail,2023-04-25
QuantumScape Corporation Class A Common Stock,QS,21.35,6.23,1617557200.0,NY,Consumer Cyclical,Auto Parts,2023-04-25
B. Riley Financial Inc,RILY,33.59,39.2,1065848000.0,NAS,Financial Services,Financial Conglomerates,2023-04-25
Rocket Companies Inc. Class A Common Stock,RKT,29.94,8.27,1128606900.0,NY,Financial Services,Mortgage Finance,2023-04-25
Relay Therapeutics Inc. - Common Stock,RLAY,23.1,10.62,960366600.0,NAS,Healthcare,Biotechnology,2023-04-25
Root Inc. - common stock,ROOT,34.05,5.21,452696900.0,NAS,Financial Services,Insurance - Property & Casualty,2023-04-25
Sonic Automotive Inc,SAH,24.77,39.56,1169789200.0,NY,Consumer Cyclical,Auto & Truck Dealerships,2023-04-25
Cassava Sciences Inc,SAVA,28.16,26.58,1063465800.0,NAS,Healthcare,Biotechnology,2023-04-25
SL Green Realty Corp,SLG,28.02,22.09,1555356900.0,NY,Real Estate,REIT - Office,2023-04-25
Virgin Galactic Holdings Inc,SPCE,25.85,4.09,984503900.0,NY,Industrials,Aerospace & Defense,2023-04-25
Seritage Growth Properties Class A,SRG,22.15,7.52,321555200.0,NY,Real Estate,REIT - Retail,2023-04-25
Springworks Therapeutics Inc,SWTX,23.93,25.44,1248086400.0,NAS,Healthcare,Biotechnology,2023-04-25
TG Therapeutics Inc. - Common Stock,TGTX,20.71,32.63,4616166100.0,NAS,Healthcare,Biotechnology,2023-04-25
Trupanion Inc,TRUP,27.14,24.22,955963400.0,NAS,Financial Services,Insurance - Specialty,2023-04-25
Amerco,UHAL,20.88,61.35,1203073500.0,NAS,Industrials,Rental & Leasing Services,2023-04-25
Upstart Holdings Inc. - Common stock,UPST,38.13,14.1,1084290000.0,NAS,Financial Services,Credit Services,2023-04-25
UWM Holdings Corporation Class A Common Stock,UWMC,25.87,5.83,601131300.0,NY,Financial Services,Mortgage Finance,2023-04-25
Voya Financial Inc,VOYA,20.63,70.55,8552776500.0,NY,Financial Services,Financial Conglomerates,2023-04-25
Wayfair Inc Class A,W,31.69,36.64,2844729600.0,NY,Consumer Cyclical,Internet Retail,2023-04-25
World Wrestling Entertainment Inc Class A Common,WWE,25.39,105.78,4787602800.0,NY,Communication Services,Entertainment,2023-04-25
Maxeon Solar Technologies Ltd. - Ordinary Shares,MAXN,21.0,27.4,1176830000.0,NAS,Technology,Solar,2023-04-25
The Lovesac Company,LOVE,35.87,25.94,389618800.0,NAS,Consumer Cyclical,Furnishings,2023-04-25
Sirius XM Holdings Inc,SIRI,27.71,3.42,13987800000.0,NAS,Communication Services,Broadcasting,2023-04-25
Lindblad Expeditions Holdings Inc,LIND,20.14,10.97,549926100.0,NAS,Consumer Cyclical,Travel Services,2023-04-25
Lemonade Inc. Common Stock,LMND,21.32,16.39,1006509900.0,NY,Financial Services,Insurance - Property & Casualty,2023-04-25
Allogene Therapeutics Inc,ALLO,54.45,6.23,881794200.0,NAS,Healthcare,Biotechnology,2023-04-25
Autonation Inc,AN,22.32,135.13,11137414600.0,NY,Consumer Cyclical,Auto & Truck Dealerships,2023-04-25
Arcutis Biotherapeutics Inc. - Common stock,ARQT,35.06,14.82,744112200.0,NAS,Healthcare,Biotechnology,2023-04-25
Axsome Therapeutics Inc,AXSM,22.81,76.74,2883121800.0,NAS,Healthcare,Biotechnology,2023-04-25
Beam Therapeutics Inc. - Common Stock,BEAM,21.68,34.51,2159635800.0,NAS,Healthcare,Biotechnology,2023-04-25
Big Lots Inc,BIG,36.09,8.83,305871200.0,NY,Consumer Defensive,Discount Stores,2023-04-25
Celsius Holdings Inc,CELH,21.34,107.12,7729779200.0,NAS,Consumer Defensive,Beverages - Non-Alcoholic,2023-04-25
Chewy Inc Class A,CHWY,23.27,33.01,3439972100.0,NY,Consumer Cyclical,Internet Retail,2023-04-25
Cinemark Holdings Inc Cinemark Holdings Inc Comm,CNK,25.76,16.95,2026203000.0,NY,Communication Services,Entertainment,2023-04-25
Desktop Metal Inc. Class A Common Stock,DM,30.51,1.75,447615000.0,NY,Technology,Computer Hardware,2023-04-25
Beyond Meat Inc,BYND,34.59,12.24,771854400.0,NAS,Consumer Defensive,Packaged Foods,2023-04-25
C3.ai Inc. Class A Common Stock,AI,35.45,19.88,1936908400.0,NY,Technology,Information Technology Services,2023-04-25
Ebix Inc,EBIX,20.4,16.62,514222800.0,NAS,Technology,Software - Application,2023-04-25
Kymera Therapeutics Inc. - Common Stock,KYMR,21.8,27.73,1248681900.0,NAS,Healthcare,Biotechnology,2023-04-25
Kura Sushi Usa Inc - Class A,KRUS,24.73,66.3,491946000.0,NAS,Consumer Cyclical,Restaurants,2023-04-25
Igm Biosciences Inc,IGMS,22.82,12.73,325760700.0,NAS,Healthcare,Biotechnology,2023-04-25
Harmony Biosciences Holdings Inc. - Common Stock,HRMY,24.07,36.59,2081971000.0,NAS,Healthcare,Biotechnology,2023-04-25
Luminar Technologies Inc. - Class A Common Stock,LAZR,31.3,6.33,1485714300.0,NAS,Technology,Software - Application,2023-04-25
Hci Group Inc,HCI,23.28,50.48,428070400.0,NY,Financial Services,Insurance - Property & Casualty,2023-04-25
Guess Inc,GES,20.89,18.14,1177648800.0,NY,Consumer Cyclical,Apparel Retail,2023-04-25
Fate Therapeutics Inc,FATE,29.46,5.39,506875600.0,NAS,Healthcare,Biotechnology,2023-04-25
Helen of Troy Limited,HELE,22.64,94.65,2314192500.0,NAS,Consumer Defensive,Household & Personal Products,2023-04-25
Root Inc. - common stock,ROOT,34.17,4.48,389267200.0,NAS,Financial Services,Insurance - Property & Casualty,2023-05-09
Lemonade Inc. Common Stock,LMND,20.81,16.98,1042741800.0,NY,Financial Services,Insurance - Property & Casualty,2023-05-09
The Lovesac Company,LOVE,35.87,21.33,320376600.0,NAS,Consumer Cyclical,Furnishings,2023-05-09
Maxeon Solar Technologies Ltd. - Ordinary Shares,MAXN,21.6,28.55,1226222500.0,NAS,Technology,Solar,2023-05-09
Penske Automotive Group Inc,PAG,20.2,141.83,11464118900.0,NY,Consumer Cyclical,Auto & Truck Dealerships,2023-05-09
Phathom Pharmaceuticals Inc,PHAT,33.11,11.7,366561000.0,NAS,Healthcare,Biotechnology,2023-05-09
B. Riley Financial Inc,RILY,27.69,36.88,1002767200.0,NAS,Financial Services,Financial Conglomerates,2023-05-09
Rocket Companies Inc. Class A Common Stock,RKT,30.41,7.84,1069924800.0,NY,Financial Services,Mortgage Finance,2023-05-09
Relay Therapeutics Inc. - Common Stock,RLAY,23.38,11.57,1046275100.0,NAS,Healthcare,Biotechnology,2023-05-09
Sonic Automotive Inc,SAH,23.0,41.75,1234547500.0,NY,Consumer Cyclical,Auto & Truck Dealerships,2023-05-09
Wayfair Inc Class A,W,30.02,35.06,2722058400.0,NY,Consumer Cyclical,Internet Retail,2023-05-09
Sirius XM Holdings Inc,SIRI,30.0,3.53,14437700000.0,NAS,Communication Services,Broadcasting,2023-05-09
SL Green Realty Corp,SLG,28.25,22.27,1568030700.0,NY,Real Estate,REIT - Office,2023-05-09
Virgin Galactic Holdings Inc,SPCE,24.49,4.41,1061531100.0,NY,Industrials,Aerospace & Defense,2023-05-09
Seritage Growth Properties Class A,SRG,20.07,7.25,310010000.0,NY,Real Estate,REIT - Retail,2023-05-09
Springworks Therapeutics Inc,SWTX,24.73,32.27,1583166200.0,NAS,Healthcare,Biotechnology,2023-05-09
Trupanion Inc,TRUP,31.21,21.38,843868600.0,NAS,Financial Services,Insurance - Specialty,2023-05-09
Amerco,UHAL,20.74,62.84,1232292400.0,NAS,Industrials,Rental & Leasing Services,2023-05-09
Upstart Holdings Inc. - Common stock,UPST,33.34,26.65,2049385000.0,NAS,Financial Services,Credit Services,2023-05-09
UWM Holdings Corporation Class A Common Stock,UWMC,25.91,4.89,504207900.0,NY,Financial Services,Mortgage Finance,2023-05-09
Luminar Technologies Inc. - Class A Common Stock,LAZR,29.73,6.3,1478673000.0,NAS,Technology,Software - Application,2023-05-09
Cassava Sciences Inc,SAVA,27.98,25.25,1010252500.0,NAS,Healthcare,Biotechnology,2023-05-09
Kymera Therapeutics Inc. - Common Stock,KYMR,21.71,29.31,1319829300.0,NAS,Healthcare,Biotechnology,2023-05-09
Allogene Therapeutics Inc,ALLO,53.33,5.69,805362600.0,NAS,Healthcare,Biotechnology,2023-05-09
Kura Sushi Usa Inc - Class A,KRUS,24.73,73.46,545073200.0,NAS,Consumer Cyclical,Restaurants,2023-05-09
World Wrestling Entertainment Inc Class A Common,WWE,24.84,102.13,4622403800.0,NY,Communication Services,Entertainment,2023-05-09
C3.ai Inc. Class A Common Stock,AI,32.91,27.85,2713425500.0,NY,Technology,Information Technology Services,2023-05-09
Autonation Inc,AN,20.39,137.37,11322035400.0,NY,Consumer Cyclical,Auto & Truck Dealerships,2023-05-09
Arcutis Biotherapeutics Inc. - Common stock,ARQT,35.15,8.99,451387900.0,NAS,Healthcare,Biotechnology,2023-05-09
Axsome Therapeutics Inc,AXSM,23.25,68.73,2582186100.0,NAS,Healthcare,Biotechnology,2023-05-09
Beam Therapeutics Inc. - Common Stock,BEAM,21.44,33.38,2088920400.0,NAS,Healthcare,Biotechnology,2023-05-09
Beyond Meat Inc,BYND,33.64,11.44,721406400.0,NAS,Consumer Defensive,Packaged Foods,2023-05-09
Celsius Holdings Inc,CELH,23.33,131.43,9483988800.0,NAS,Consumer Defensive,Beverages - Non-Alcoholic,2023-05-09
Chewy Inc Class A,CHWY,24.28,31.58,3290951800.0,NY,Consumer Cyclical,Internet Retail,2023-05-09
Kohls Corporation,KSS,20.0,20.72,3237085600.0,NY,Consumer Cyclical,Department Stores,2023-05-09
Cinemark Holdings Inc Cinemark Holdings Inc Comm,CNK,26.33,16.97,2028593800.0,NY,Communication Services,Entertainment,2023-05-09
Desktop Metal Inc. Class A Common Stock,DM,31.02,1.75,447615000.0,NY,Technology,Computer Hardware,2023-05-09
Ebix Inc,EBIX,20.14,18.43,570224200.0,NAS,Technology,Software - Application,2023-05-09
Ehang Holdings Limited - Ads,EH,45.65,10.61,339732200.0,NAS,Industrials,Aerospace & Defense,2023-05-09
Fate Therapeutics Inc,FATE,30.67,5.34,502173600.0,NAS,Healthcare,Biotechnology,2023-05-09
Guess Inc,GES,24.06,17.37,1127660400.0,NY,Consumer Cyclical,Apparel Retail,2023-05-09
Hci Group Inc,HCI,22.28,56.08,475558400.0,NY,Financial Services,Insurance - Property & Casualty,2023-05-09
Helen of Troy Limited,HELE,25.53,98.7,2413215000.0,NAS,Consumer Defensive,Household & Personal Products,2023-05-09
HighPeak Energy Inc. - Common Stock,HPK,22.29,14.93,1383249000.0,NAS,Energy,Oil & Gas E&P,2023-05-09
Harmony Biosciences Holdings Inc. - Common Stock,HRMY,24.44,36.32,2066608000.0,NAS,Healthcare,Biotechnology,2023-05-09
Nordstrom Inc,JWN,22.46,16.15,2566235000.0,NY,Consumer Cyclical,Department Stores,2023-05-09
Dish Network Corporation - Class A,DISH,20.22,6.23,1799909300.0,NAS,Communication Services,Entertainment,2023-05-09
Zynex Inc,ZYXI,21.47,9.55,332817500.0,NAS,Healthcare,Medical Devices,2023-05-09
Allogene Therapeutics Inc,ALLO,52.81,5.64,798285600.0,NAS,Healthcare,Biotechnology,2023-05-24
Anaptysbio Inc,ANAB,20.16,18.7,511819000.0,NAS,Healthcare,Biotechnology,2023-05-24
Amyris Inc,AMRS,23.28,1.26,371700000.0,NAS,Basic Materials,Specialty Chemicals,2023-05-24
C3.ai Inc. Class A Common Stock,AI,28.98,36.99,3603935700.0,NY,Technology,Information Technology Services,2023-05-24
Autonation Inc,AN,20.74,141.97,11701167400.0,NY,Consumer Cyclical,Auto & Truck Dealerships,2023-05-24
Phathom Pharmaceuticals Inc,PHAT,24.7,13,407290000.0,NAS,Healthcare,Biotechnology,2023-05-24
Arcutis Biotherapeutics Inc. - Common stock,ARQT,33.67,9.94,499087400.0,NAS,Healthcare,Biotechnology,2023-05-24
Penske Automotive Group Inc,PAG,20.78,149.85,12112375500.0,NY,Consumer Cyclical,Auto & Truck Dealerships,2023-05-24
Plug Power Inc,PLUG,21.87,9.18,5214336000.0,NAS,Industrials,Electrical Equipment & Parts,2023-05-24
B. Riley Financial Inc,RILY,27.68,37.29,1013915100.0,NAS,Financial Services,Financial Conglomerates,2023-05-24
Rocket Companies Inc. Class A Common Stock,RKT,27.99,8.95,1221406500.0,NY,Financial Services,Mortgage Finance,2023-05-24
Relay Therapeutics Inc. - Common Stock,RLAY,25.78,10.75,972122500.0,NAS,Healthcare,Biotechnology,2023-05-24
Root Inc. - common stock,ROOT,31.73,5.62,488321800.0,NAS,Financial Services,Insurance - Property & Casualty,2023-05-24
Sonic Automotive Inc,SAH,21.06,45.76,1353123200.0,NY,Consumer Cyclical,Auto & Truck Dealerships,2023-05-24
Cassava Sciences Inc,SAVA,25.9,24.31,972643100.0,NAS,Healthcare,Biotechnology,2023-05-24
Sirius XM Holdings Inc,SIRI,28.93,3.82,15603350000.0,NAS,Communication Services,Broadcasting,2023-05-24
Pacwest Bancorp,PACW,24.09,8.53,997327600.0,NAS,Financial Services,Banks - Regional,2023-05-24
SL Green Realty Corp,SLG,27.12,26.9,1894029000.0,NY,Real Estate,REIT - Office,2023-05-24
Springworks Therapeutics Inc,SWTX,25.25,27.25,1336885000.0,NAS,Healthcare,Biotechnology,2023-05-24
Trupanion Inc,TRUP,30.86,25.34,1000169800.0,NAS,Financial Services,Insurance - Specialty,2023-05-24
Amerco,UHAL,22.47,55.26,1083648600.0,NY,Industrials,Rental & Leasing Services,2023-05-24
Upstart Holdings Inc. - Common stock,UPST,35.97,32.09,2467721000.0,NAS,Financial Services,Credit Services,2023-05-24
UWM Holdings Corporation Class A Common Stock,UWMC,24.83,5.4,556794000.0,NY,Financial Services,Mortgage Finance,2023-05-24
Vuzix Corporation,VUZI,25.91,4.89,308412300.0,NAS,Technology,Consumer Electronics,2023-05-24
Wayfair Inc Class A,W,31.3,52.1,4045044000.0,NY,Consumer Cyclical,Internet Retail,2023-05-24
Winnebago Industries Inc,WGO,20.08,65.63,2205168000.0,NY,Consumer Cyclical,Recreational Vehicles,2023-05-24
Zynex Inc,ZYXI,23.63,8.76,305286000.0,NAS,Healthcare,Medical Devices,2023-05-24
Seritage Growth Properties Class A,SRG,20.94,8.54,365170400.0,NY,Real Estate,REIT - Retail,2023-05-24
Sunnova Energy International Inc,NOVA,25.03,17.49,1958355300.0,NY,Technology,Solar,2023-05-24
Virgin Galactic Holdings Inc,SPCE,23.95,4.03,970061300.0,NY,Industrials,Aerospace & Defense,2023-05-24
The Lovesac Company,LOVE,34.36,22.61,339602200.0,NAS,Consumer Cyclical,Furnishings,2023-05-24
Maxeon Solar Technologies Ltd. - Ordinary Shares,MAXN,21.78,27.32,1173394000.0,NAS,Technology,Solar,2023-05-24
Axsome Therapeutics Inc,AXSM,21.95,73.74,2770411800.0,NAS,Healthcare,Biotechnology,2023-05-24
Beam Therapeutics Inc. - Common Stock,BEAM,21.04,32.21,2015701800.0,NAS,Healthcare,Biotechnology,2023-05-24
Beyond Meat Inc,BYND,43.39,12.06,760503600.0,NAS,Consumer Defensive,Packaged Foods,2023-05-24
Celsius Holdings Inc,CELH,24.58,139.19,10043950400.0,NAS,Consumer Defensive,Beverages - Non-Alcoholic,2023-05-24
Cinemark Holdings Inc Cinemark Holdings Inc Comm,CNK,25.72,18.66,2230616400.0,NY,Communication Services,Entertainment,2023-05-24
Desktop Metal Inc. Class A Common Stock,DM,30.03,2.21,565273800.0,NY,Technology,Computer Hardware,2023-05-24
Ebix Inc,EBIX,20.06,22.22,687486800.0,NAS,Technology,Software - Application,2023-05-24
Ehang Holdings Limited - Ads,EH,43.88,11.03,353180600.0,NAS,Industrials,Aerospace & Defense,2023-05-24
Fate Therapeutics Inc,FATE,31.55,4.87,457974800.0,NAS,Healthcare,Biotechnology,2023-05-24
Dish Network Corporation - Class A,DISH,22.58,6.55,1892360500.0,NAS,Communication Services,Entertainment,2023-05-24
Guess Inc,GES,22.98,20.77,1348388400.0,NY,Consumer Cyclical,Apparel Retail,2023-05-24
Hci Group Inc,HCI,21.57,58.49,495995200.0,NY,Financial Services,Insurance - Property & Casualty,2023-05-24
Helen of Troy Limited,HELE,26.06,99.25,2426662500.0,NAS,Consumer Defensive,Household & Personal Products,2023-05-24
Harmony Biosciences Holdings Inc. - Common Stock,HRMY,23.77,34.95,1988655000.0,NAS,Healthcare,Biotechnology,2023-05-24
Nordstrom Inc,JWN,22.26,19.74,3136686000.0,NY,Consumer Cyclical,Department Stores,2023-05-24
Kura Sushi Usa Inc - Class A,KRUS,22.54,84.27,625283400.0,NAS,Consumer Cyclical,Restaurants,2023-05-24
Kohls Corporation,KSS,20.13,22.06,3446433800.0,NY,Consumer Cyclical,Department Stores,2023-05-24
Kymera Therapeutics Inc. - Common Stock,KYMR,21.28,22.75,1024432500.0,NAS,Healthcare,Biotechnology,2023-05-24
Luminar Technologies Inc. - Class A Common Stock,LAZR,27.91,6.46,1516226600.0,NAS,Technology,Software - Application,2023-05-24
Geo Group Inc (the) Reit,GEO,20.79,7.55,918306500.0,NY,Real Estate,REIT - Healthcare Facilities,2023-05-24
Lemonade Inc. Common Stock,LMND,27.59,19.42,1192582200.0,NY,Financial Services,Insurance - Property & Casualty,2023-05-24
Childrens Place Inc (the,PLCE,30.44,22.11,324353700.0,NAS,Consumer Cyclical,Apparel Retail,2023-06-09
Kohls Corporation,KSS,22.43,22.68,3543296400.0,NY,Consumer Cyclical,Department Stores,2023-06-09
Luminar Technologies Inc. - Class A Common Stock,LAZR,26.92,6.33,1485714300.0,NAS,Technology,Software - Application,2023-06-09
Lemonade Inc. Common Stock,LMND,28.15,16.91,1038443100.0,NY,Financial Services,Insurance - Property & Casualty,2023-06-09
The Lovesac Company,LOVE,33.94,26.39,396377800.0,NAS,Consumer Cyclical,Furnishings,2023-06-09
Phathom Pharmaceuticals Inc,PHAT,20.16,12.4,388492000.0,NAS,Healthcare,Biotechnology,2023-06-09
Sunnova Energy International Inc,NOVA,25.0,19.04,2131908800.0,NY,Technology,Solar,2023-06-09
Pacwest Bancorp,PACW,25.05,7.93,927175600.0,NAS,Financial Services,Banks - Regional,2023-06-09
Penske Automotive Group Inc,PAG,20.59,163.14,13186606200.0,NY,Consumer Cyclical,Auto & Truck Dealerships,2023-06-09
Kura Sushi Usa Inc - Class A,KRUS,22.92,89.35,662977000.0,NAS,Consumer Cyclical,Restaurants,2023-06-09
Maxeon Solar Technologies Ltd. - Ordinary Shares,MAXN,20.58,26.22,1126149000.0,NAS,Technology,Solar,2023-06-09
Nordstrom Inc,JWN,23.44,19.3,3066770000.0,NY,Consumer Cyclical,Department Stores,2023-06-09
Dish Network Corporation - Class A,DISH,22.81,6.37,1840356700.0,NAS,Communication Services,Entertainment,2023-06-09
Harmony Biosciences Holdings Inc. - Common Stock,HRMY,23.92,34.89,1985241000.0,NAS,Healthcare,Biotechnology,2023-06-09
Helen of Troy Limited,HELE,25.22,102.4,2503680000.0,NAS,Consumer Defensive,Household & Personal Products,2023-06-09
Hci Group Inc,HCI,20.67,60.5,513040000.0,NY,Financial Services,Insurance - Property & Casualty,2023-06-09
Guess Inc,GES,27.24,19.79,1284766800.0,NY,Consumer Cyclical,Apparel Retail,2023-06-09
Geo Group Inc (the) Reit,GEO,20.67,7.21,876952300.0,NY,Real Estate,REIT - Healthcare Facilities,2023-06-09
Fate Therapeutics Inc,FATE,31.54,5.06,475842400.0,NAS,Healthcare,Biotechnology,2023-06-09
Enviva Partners Lpunits Representing Limi,EVA,22.04,10.58,423517400.0,NY,Basic Materials,Lumber & Wood Production,2023-06-09
Ehang Holdings Limited - Ads,EH,44.92,13.29,425545800.0,NAS,Industrials,Aerospace & Defense,2023-06-09
Ebix Inc,EBIX,20.8,24.79,767002600.0,NAS,Technology,Software - Application,2023-06-09
Desktop Metal Inc. Class A Common Stock,DM,32.21,1.87,478308600.0,NY,Technology,Computer Hardware,2023-06-09
Cinemark Holdings Inc Cinemark Holdings Inc Comm,CNK,25.14,15.86,1895904400.0,NY,Communication Services,Entertainment,2023-06-09
Plug Power Inc,PLUG,22.5,9.26,5262643200.0,NAS,Industrials,Electrical Equipment & Parts,2023-06-09
Inhibrx Inc. - Common Stock,INBX,20.22,25.24,954324400.0,NAS,Healthcare,Biotechnology,2023-06-09
Arcus Biosciences Inc,RCUS,21.54,19.26,1367460000.0,NY,Healthcare,Biotechnology,2023-06-09
Arcutis Biotherapeutics Inc. - Common stock,ARQT,29.07,8.47,425278700.0,NAS,Healthcare,Biotechnology,2023-06-09
Rocket Companies Inc. Class A Common Stock,RKT,26.62,9.09,1240512300.0,NY,Financial Services,Mortgage Finance,2023-06-09
C3.ai Inc. Class A Common Stock,AI,35.69,33.37,3251239100.0,NY,Technology,Information Technology Services,2023-06-09
Allogene Therapeutics Inc,ALLO,52.08,4.59,649668600.0,NAS,Healthcare,Biotechnology,2023-06-09
Autonation Inc,AN,20.4,159.47,13143517400.0,NY,Consumer Cyclical,Auto & Truck Dealerships,2023-06-09
Anaptysbio Inc,ANAB,20.66,20.49,560811300.0,NAS,Healthcare,Biotechnology,2023-06-09
Beyond Meat Inc,BYND,46.13,12.42,783205200.0,NAS,Consumer Defensive,Packaged Foods,2023-06-09
Axsome Therapeutics Inc,AXSM,22.15,83.37,3132210900.0,NAS,Healthcare,Biotechnology,2023-06-09
Beam Therapeutics Inc. - Common Stock,BEAM,20.02,32.02,2003811600.0,NAS,Healthcare,Biotechnology,2023-06-09
Big Lots Inc,BIG,40.93,9.15,316956000.0,NY,Consumer Defensive,Discount Stores,2023-06-09
Zynex Inc,ZYXI,24.5,9.6,334560000.0,NAS,Healthcare,Medical Devices,2023-06-09
Winnebago Industries Inc,WGO,20.83,64.02,2151072000.0,NY,Consumer Cyclical,Recreational Vehicles,2023-06-09
Wayfair Inc Class A,W,31.05,63.77,4951102800.0,NY,Consumer Cyclical,Internet Retail,2023-06-09
Vuzix Corporation,VUZI,26.05,5.03,317242100.0,NAS,Technology,Consumer Electronics,2023-06-09
UWM Holdings Corporation Class A Common Stock,UWMC,24.35,5.51,568136100.0,NY,Financial Services,Mortgage Finance,2023-06-09
Upstart Holdings Inc. - Common stock,UPST,35.65,33.64,2586916000.0,NAS,Financial Services,Credit Services,2023-06-09
Amerco,UHAL,24.87,54.93,1077177300.0,NY,Industrials,Rental & Leasing Services,2023-06-09
Trupanion Inc,TRUP,34.97,21.89,863998300.0,NAS,Financial Services,Insurance - Specialty,2023-06-09
Springworks Therapeutics Inc,SWTX,26.05,24.26,1190195600.0,NAS,Healthcare,Biotechnology,2023-06-09
Seritage Growth Properties Class A,SRG,21.28,8.75,374150000.0,NY,Real Estate,REIT - Retail,2023-06-09
Virgin Galactic Holdings Inc,SPCE,23.94,4.34,1044681400.0,NY,Industrials,Aerospace & Defense,2023-06-09
SL Green Realty Corp,SLG,27.28,30.72,2162995200.0,NY,Real Estate,REIT - Office,2023-06-09
Sirius XM Holdings Inc,SIRI,30.9,4.09,16728100000.0,NAS,Communication Services,Broadcasting,2023-06-09
Cassava Sciences Inc,SAVA,27.55,23.99,959839900.0,NAS,Healthcare,Biotechnology,2023-06-09
Sonic Automotive Inc,SAH,20.82,48.12,1422908400.0,NY,Consumer Cyclical,Auto & Truck Dealerships,2023-06-09
Root Inc. - common stock,ROOT,32.25,9.98,867162200.0,NAS,Financial Services,Insurance - Property & Casualty,2023-06-09
Relay Therapeutics Inc. - Common Stock,RLAY,25.44,12.57,1136705100.0,NAS,Healthcare,Biotechnology,2023-06-09
B. Riley Financial Inc,RILY,26.78,44.12,1199622800.0,NAS,Financial Services,Financial Conglomerates,2023-06-09
Celsius Holdings Inc,CELH,25.12,150.71,10875233600.0,NAS,Consumer Defensive,Beverages - Non-Alcoholic,2023-06-09
